INSERT INTO DIRECCIONES VALUES ('COMAYAGUA','COMAYAGUA','COMAYAGUA','FRENTE AL MALL PREMIER, CONTIGUO A LA CURACAO');
INSERT INTO DIRECCIONES VALUES ('FRANCISCO MORAZÁN','TEGUCIGALPA','COMAYAGÜELA','FRENTE AL METRO MALL');
GO
SELECT * FROM DIRECCIONES;
GO

INSERT INTO COLORES VALUES ('AMARILLO');
INSERT INTO COLORES VALUES ('ROJO');
GO
SELECT * FROM COLORES;
GO

INSERT INTO NUM_RODAJES VALUES (2);
INSERT INTO NUM_RODAJES VALUES (4);
GO
SELECT * FROM NUM_RODAJES;
GO

INSERT INTO HORARIOS VALUES ('08:00:00.0000000','16:00:00.0000000');
INSERT INTO HORARIOS VALUES ('07:00:00.0000000','15:00:00.0000000');
GO
SELECT * FROM HORARIOS;
GO

INSERT INTO PARADAS VALUES ('COMAYAGUA','FLORES');
INSERT INTO PARADAS VALUES ('TEGUCIGALPA','ZAMBRANO');
GO
SELECT * FROM PARADAS;
GO


INSERT INTO TAMANIOS_BUS VALUES ('GRANDE');
INSERT INTO TAMANIOS_BUS VALUES ('MEDIANO');
GO
SELECT * FROM TAMANIOS_BUS;
GO

INSERT INTO COMODIDADES_BUS VALUES ('ALTA');
INSERT INTO COMODIDADES_BUS VALUES ('MEDIA');
GO
SELECT * FROM COMODIDADES_BUS;
GO

INSERT INTO ESTADOS_BUS VALUES ('BUENO');
INSERT INTO ESTADOS_BUS VALUES ('BUENO');
GO
SELECT * FROM ESTADOS_BUS;
GO

INSERT INTO TIPOS_LICENCIA VALUES ('PESADA');
INSERT INTO TIPOS_LICENCIA VALUES ('LIVIANA');
GO
SELECT * FROM TIPOS_LICENCIA;
GO

INSERT INTO EMPRESAS (NOMBRE_EMPRESA,ID_DIRECCION)
VALUES ('HEDMAN_ALAS',1);
INSERT INTO EMPRESAS (NOMBRE_EMPRESA,ID_DIRECCION)
VALUES ('CATRACHITO',1);
GO
SELECT * FROM EMPRESAS;
GO

INSERT INTO TIPOS_BUS (ID_TAMANIO,ID_COMODIDAD,ID_ESTADO,TAFIFA)
VALUES (1,1,1,00.40);
INSERT INTO TIPOS_BUS (ID_TAMANIO,ID_COMODIDAD,ID_ESTADO,TAFIFA)
VALUES (2,2,2,00.70);
GO
SELECT * FROM TIPOS_BUS;
GO

INSERT INTO RUTAS (LUGAR_PARTIDA,LUGAR_DESTINO,CANTIDAD_PARADAS,ID_PARADA,TIEMPO_VIAJE,PRECIO)
VALUES ('TGU','SIGUATEPEQUE',1,1,'1:30',100);
INSERT INTO RUTAS (LUGAR_PARTIDA,LUGAR_DESTINO,CANTIDAD_PARADAS,ID_PARADA,TIEMPO_VIAJE,PRECIO)
VALUES ('TGU','SPS',2,2,'3:30',200);
GO
SELECT * FROM RUTAS;
GO

INSERT INTO PEAJES (NOMBRE_PEAJE,PRECIO_PAGA,ID_NUM_RODAJE)
VALUES ('TGU',30,2);
INSERT INTO PEAJES (NOMBRE_PEAJE,PRECIO_PAGA,ID_NUM_RODAJE)
VALUES ('SIGUATEPEQUE',40,2);
GO
SELECT * FROM PEAJES
GO

INSERT INTO RUTAS_PEAJES (ID_RUTA,ID_PEAJE)
VALUES (1,1);
INSERT INTO RUTAS_PEAJES (ID_RUTA,ID_PEAJE)
VALUES (1,2);
GO
SELECT * FROM RUTAS_PEAJES
GO

INSERT INTO LICENCIAS (FECHA_VENCIMIENTO,ID_TIPO_LICENCIA,TIPO_SANGRE,FECHA_EMISION)
VALUES ('2020-12-31',1,'O+','2020-12-01');
INSERT INTO LICENCIAS (FECHA_VENCIMIENTO,ID_TIPO_LICENCIA,TIPO_SANGRE,FECHA_EMISION)
VALUES ('2021-12-21',1,'O+','2019-12-01');
GO
SELECT * FROM LICENCIAS;
GO

INSERT INTO DATOS_PERSONAS (PRIMER_NOMBRE,SEGUNDO_NOMBRE,PRIMER_APELLIDO,SEGUNDO_APELLIDO,NO_IDENTIDAD,FECHA_NACIMIENTO,GENERO,ESTADO_CIVIL,ID_DIRECCION)
VALUES ('Carlos','Roberto','Zepeda','Valladares','0801199914032','1998-06-20','M','Soltero',1); 	 
INSERT INTO DATOS_PERSONAS (PRIMER_NOMBRE,SEGUNDO_NOMBRE,PRIMER_APELLIDO,SEGUNDO_APELLIDO,NO_IDENTIDAD,FECHA_NACIMIENTO,GENERO,ESTADO_CIVIL,ID_DIRECCION)
VALUES ('Pedro','','Coello','','0801199914032','1997-06-10','M','Soltero',1);
GO
SELECT * FROM DATOS_PERSONAS;
GO

INSERT INTO SOCIOS (ID_DATOS_PERSONA,ESTADO)
VALUES (1,1);
INSERT INTO SOCIOS (ID_DATOS_PERSONA,ESTADO)
VALUES (2,0);
GO
SELECT * FROM SOCIOS;
GO
 
INSERT INTO EMPRESA_SOCIOS (ID_EMPRESA,ID_SOCIO)
VALUES (1,1);
INSERT INTO EMPRESA_SOCIOS (ID_EMPRESA,ID_SOCIO)
VALUES (2,1);
GO
SELECT * FROM EMPRESA_SOCIOS;
GO

INSERT INTO PASAJEROS (ID_DATOS_PERSONA,CORREO)
VALUES (1,'Carlos.valladares@gmail.com');
INSERT INTO PASAJEROS (ID_DATOS_PERSONA,CORREO)
VALUES (2,'pedro.coello@gmail.com');
GO
SELECT * FROM PASAJEROS;
GO

INSERT INTO SOCIOS_TELEFONOS values (1, '+50498745632'), (2,'+50432165498');
SELECT * FROM SOCIOS_TELEFONOS;

INSERT INTO DATOS_EMPLEADOS values (1, cast('pass' as varbinary(max)), 1, 13000.00), (2, cast('123456789' as varbinary(max)), 2, 15000.00);
SELECT * FROM DATOS_EMPLEADOS;

INSERT INTO GUARDIAS values (1, 'ESPA'), (2, 'CNK');
SELECT * FROM GUARDIAS;

INSERT INTO CONDUCTORES values (1, 1), (2, 0);
SELECT * FROM CONDUCTORES;

INSERT INTO ASISTENTES_CONDUCTOR values (1, 1), (2, 2);
SELECT * FROM ASISTENTES_CONDUCTOR;

INSERT INTO ATENCION_PASAJEROS values (1, 1), (2, 2);
SELECT * FROM ATENCION_PASAJEROS;

INSERT INTO SUCURSALES values ('Tegucigalpa', 1, 1, 1, 1, 2, 'Lu-Ma-Mi-Jue-Vie'),
('San Pedro Sula', 2, 2, 2, 2, 2, 'Lu-Ma-Mi-Jue-Vie');
SELECT * FROM SUCURSALES;

INSERT INTO SUCURSAL_TELEFONOS values (1, '+50469852369'), (2, '+50425896314');
SELECT * FROM SUCURSAL_TELEFONOS;

INSERT INTO SUCURSAL_RUTAS values (1, 1), (2, 2);
SELECT * FROM SUCURSAL_RUTAS;

INSERT INTO LICENCIA_CONDUCTORES (ID_LICENCIA, ID_CONDUCTOR) VALUES (1,1);
INSERT INTO LICENCIA_CONDUCTORES (ID_LICENCIA, ID_CONDUCTOR) VALUES (2,2);
SELECT * FROM LICENCIA_CONDUCTORES;

INSERT INTO OTROS_EMPLEADOS (ID_SUCURSAL, ID_DATOS_EMPLEADO, CATEGORIA) VALUES (1,1, 'CATEGORIA1');
INSERT INTO OTROS_EMPLEADOS (ID_SUCURSAL, ID_DATOS_EMPLEADO, CATEGORIA) VALUES (2,2, 'CATEGORIA2');
SELECT * FROM OTROS_EMPLEADOS;

INSERT INTO BUSES (MODELO, SERIE, NO_MATRICULA, NO_PLACA, PRECIO_MATRICULA, CAPACIDAD_CARGA, ESTADO_MATRICULA, CAPACIDAD_PASAJEROS, ID_ESTADO, ID_RUTA_ASIGNADO, ID_CONDUCTOR_ASIGNADO, ID_ASISTENTE_CONDUCTOR, ID_TIPO_BUS, ID_SUCURSAL) VALUES ('MODEL1','SERIE1','MATRI1','PLACA1',100,100,1,50,1,1,1,1,1,1);
INSERT INTO BUSES (MODELO, SERIE, NO_MATRICULA, NO_PLACA, PRECIO_MATRICULA, CAPACIDAD_CARGA, ESTADO_MATRICULA, CAPACIDAD_PASAJEROS, ID_ESTADO,  ID_RUTA_ASIGNADO, ID_CONDUCTOR_ASIGNADO, ID_ASISTENTE_CONDUCTOR, ID_TIPO_BUS, ID_SUCURSAL) VALUES ('MODEL2','SERIE2','MATRI2','PLACA2',200,200,1,50,2,2,2,2,2,2);
SELECT * FROM BUSES

INSERT INTO OBSERVACIONES_DATOS_EMPLEADO (ID_DATOS_EMPLEADO, OBSERVACION, FECHA) VALUES (1,'OBSERVACION1', GETDATE());
INSERT INTO OBSERVACIONES_DATOS_EMPLEADO (ID_DATOS_EMPLEADO, OBSERVACION, FECHA) VALUES (2,'OBSERVACION2', GETDATE());
SELECT * FROM OBSERVACIONES_DATOS_EMPLEADO;

INSERT INTO BOLETOS (NUM_BOLETO, ID_BUS, ID_RUTA, ID_TIPO_BUS, VIGENCIA, COSTO_BOLETO) VALUES (1,1,1,1,1,100);
INSERT INTO BOLETOS (NUM_BOLETO, ID_BUS, ID_RUTA, ID_TIPO_BUS, VIGENCIA, COSTO_BOLETO) VALUES (2,2,2,2,1,100);
SELECT * FROM BOLETOS;

INSERT INTO BOLETOS_PASAJEROS (ID_BOLETO, ID_PASAJERO) VALUES (1,1);
INSERT INTO BOLETOS_PASAJEROS (ID_BOLETO, ID_PASAJERO) VALUES (2,2);
SELECT * FROM BOLETOS_PASAJEROS;

INSERT INTO BUSES_COLORES (ID_BUS, ID_COLOR) VALUES (1,1);
INSERT INTO BUSES_COLORES (ID_BUS, ID_COLOR) VALUES (2,2);
SELECT * FROM BUSES_COLORES;

INSERT INTO EMPRESAS_BUSES (ID_EMPRESA, ID_BUS) VALUES (1,1);
INSERT INTO EMPRESAS_BUSES (ID_EMPRESA, ID_BUS) VALUES (2,2);
SELECT * FROM EMPRESAS_BUSES;

INSERT INTO CORREOS_DATOS_EMPLEADOS (ID_DATOS_EMPLEADO, CORREO) VALUES (1,'CORREO1@PRUEBA.COM');
INSERT INTO CORREOS_DATOS_EMPLEADOS (ID_DATOS_EMPLEADO, CORREO) VALUES (2,'CORREO2@PRUEBA.COM');
SELECT * FROM CORREOS_DATOS_EMPLEADOS;
